@liza,888,I did this assignment :),1126367112
@music,9879879,I <3 the beatles,966227183
@mickey_mouse,100,it's the mickey mouse club house come inside its fun inside it',1850420902
@goofy,700,hot dog,947829572
@truck,92873593,vroom vroom,1699485383
@cheese,493867983,lactose,1532240085
@jellyfish,4,under the sea,1027068993
@rainbow,78979,post storm,1650898476
@hammingcube,9000000,binary,1769632027
@lion,987897087,roar,1689631957
@test,1000,this is a test123,1711911802
@pete,300,minecraft,1711911931
@paper,65,draw,1711912638
@winnie,909,I LOVE HONEY,1711933742
@ulyana,77,thank you for coming,1711933824
@testing,100,this is a very very loooooooooooooooooooooooooooooooooooooooooo,1712067411
@liz,9787,:(,1712078646
@kon,43975,hey,1712160292
@user!#$%,50,Special chars in handle,1712158478
@mem2,3465,hopefully no memeory leak,1712162323
@user1,150,Updated comment here.,1712177750
@longcommentuser,100,Exploring new horizons opens doors to discoveries about the wor,1712177969
@test1,23958,buffer overrun?,1712177995
@extraspaceuser,400,   Extra spaces in command.,1712178059
@dangerous,100,ls,1712178124
@list,200,save,1712178147
